Dependents,Applicant_Income,Coapplicant_Income,Loan_Amount,Loan_Amount_Term,Credit_History,Total_Income,Full_Loan_Amount,Monthly_Payment,Debt_To_Income_Ratio,PA_Rural,PA_Semiurban,PA_Urban,Gender_N,Married_N,Self_Employed_N,Education_N,Loan_Status_N
0,2378,0.0,9,360,1,2378.0,9000,25.0,1.05,0,0,1,0,0,0,1,0
2,1299,1086.0,17,120,1,2385.0,17000,141.67,5.94,0,0,1,1,1,0,1,1
0,3620,0.0,25,120,1,3620.0,25000,208.33,5.75,0,1,0,1,0,0,0,1
0,3459,0.0,25,120,1,3459.0,25000,208.33,6.02,0,1,0,1,1,1,1,1
1,5468,1032.0,26,360,1,6500.0,26000,72.22,1.11,0,1,0,1,1,0,1,1
1,1538,1425.0,30,360,1,2963.0,30000,83.33,2.81,0,0,1,1,1,0,1,1
0,3237,0.0,30,360,1,3237.0,30000,83.33,2.57,0,0,1,0,0,0,1,1
0,1442,0.0,35,360,1,1442.0,35000,97.22,6.74,0,0,1,1,0,0,0,0
0,3166,0.0,36,360,1,3166.0,36000,100.0,3.16,0,1,0,0,1,0,1,1
1,13262,0.0,40,360,1,13262.0,40000,111.11,0.84,0,0,1,0,0,0,1,1
4,4106,0.0,40,180,1,4106.0,40000,222.22,5.41,1,0,0,1,1,0,1,1
0,3716,0.0,42,180,1,3716.0,42000,233.33,6.28,1,0,0,1,1,0,1,1
1,5649,0.0,44,360,1,5649.0,44000,122.22,2.16,0,0,1,1,1,0,1,1
0,4166,0.0,44,360,1,4166.0,44000,122.22,2.93,0,1,0,0,0,0,1,1
2,2889,0.0,45,180,0,2889.0,45000,250.0,8.65,0,0,1,1,1,0,0,0
2,2192,1742.0,45,360,1,3934.0,45000,125.0,3.18,0,1,0,1,1,0,0,1
0,2378,0.0,46,360,1,2378.0,46000,127.78,5.37,1,0,0,0,0,0,1,0
0,1800,1213.0,47,360,1,3013.0,47000,130.56,4.33,0,0,1,1,0,0,1,1
0,4885,0.0,48,360,1,4885.0,48000,133.33,2.73,1,0,0,1,0,0,0,1
1,3988,0.0,50,240,1,3988.0,50000,208.33,5.22,0,0,1,1,1,0,1,1
0,1977,997.0,50,360,1,2974.0,50000,138.89,4.67,0,1,0,1,1,0,1,1
0,3254,0.0,50,360,1,3254.0,50000,138.89,4.27,0,0,1,1,0,0,1,1
0,1926,1851.0,50,360,1,3777.0,50000,138.89,3.68,0,1,0,1,0,0,1,1
0,1963,0.0,53,360,1,1963.0,53000,147.22,7.5,0,1,0,0,0,0,0,1
0,1811,1666.0,54,360,1,3477.0,54000,150.0,4.31,0,0,1,0,0,0,1,1
0,3975,2531.0,55,360,1,6506.0,55000,152.78,2.35,1,0,0,1,0,0,0,1
0,15759,0.0,55,360,1,15759.0,55000,152.78,0.97,0,1,0,0,0,1,1,1
0,3539,1376.0,55,360,1,4915.0,55000,152.78,3.11,1,0,0,1,1,0,1,0
0,2500,0.0,55,360,1,2500.0,55000,152.78,6.11,0,1,0,1,0,0,1,1
0,2507,0.0,56,360,1,2507.0,56000,155.56,6.21,1,0,0,0,0,0,1,1
0,3000,3416.0,56,180,1,6416.0,56000,311.11,4.85,0,1,0,1,1,0,1,1
0,2383,2138.0,58,360,1,4521.0,58000,161.11,3.56,1,0,0,1,1,0,1,1
0,2479,0.0,59,360,1,2479.0,59000,163.89,6.61,0,0,1,1,0,0,1,1
0,2221,0.0,60,360,0,2221.0,60000,166.67,7.5,0,0,1,1,1,0,1,0
0,2995,0.0,60,360,1,2995.0,60000,166.67,5.56,0,0,1,0,0,0,1,1
0,2717,0.0,60,180,1,2717.0,60000,333.33,12.27,0,0,1,1,0,0,0,1
2,1958,1456.0,60,300,1,3414.0,60000,200.0,5.86,0,0,1,1,1,0,0,1
1,1880,0.0,61,360,1,1880.0,61000,169.44,9.01,1,0,0,1,1,0,1,0
1,3867,0.0,62,360,1,3867.0,62000,172.22,4.45,0,1,0,0,0,1,0,0
0,2237,0.0,63,480,0,2237.0,63000,131.25,5.87,0,1,0,1,0,0,1,0
0,2755,0.0,65,300,1,2755.0,65000,216.67,7.86,1,0,0,1,0,0,0,0
0,3000,0.0,66,360,1,3000.0,66000,183.33,6.11,0,0,1,1,1,1,1,1
1,2178,0.0,66,300,0,2178.0,66000,220.0,10.1,1,0,0,1,1,1,1,0
0,2213,0.0,66,360,1,2213.0,66000,183.33,8.28,1,0,0,0,0,0,0,1
0,2917,536.0,66,360,1,3453.0,66000,183.33,5.31,1,0,0,1,1,0,0,0
0,1916,5063.0,67,360,1,6979.0,67000,186.11,2.67,1,0,0,1,0,0,1,0
0,2500,0.0,67,360,1,2500.0,67000,186.11,7.44,0,0,1,0,0,0,1,1
1,3875,0.0,67,360,1,3875.0,67000,186.11,4.8,0,0,1,1,1,0,1,0
2,3200,700.0,70,360,1,3900.0,70000,194.44,4.99,0,0,1,1,1,0,1,1
0,2718,0.0,70,360,1,2718.0,70000,194.44,7.15,0,1,0,1,0,0,1,1
2,14866,0.0,70,360,1,14866.0,70000,194.44,1.31,0,0,1,0,1,0,1,1
2,5503,4490.0,70,360,1,9993.0,70000,194.44,1.95,0,1,0,1,1,1,1,1
4,2947,1664.0,70,180,0,4611.0,70000,388.89,8.43,0,0,1,1,1,0,0,0
0,2130,6666.0,70,180,1,8796.0,70000,388.89,4.42,0,1,0,1,1,0,1,0
0,3333,0.0,70,360,1,3333.0,70000,194.44,5.83,0,0,1,1,0,0,1,1
0,2165,0.0,70,360,1,2165.0,70000,194.44,8.98,0,1,0,0,0,0,0,1
0,2833,0.0,71,360,1,2833.0,71000,197.22,6.96,0,0,1,1,0,0,1,1
0,4160,0.0,71,360,1,4160.0,71000,197.22,4.74,0,1,0,0,0,0,1,1
0,3069,0.0,71,480,1,3069.0,71000,147.92,4.82,0,0,1,1,0,0,1,0
0,3180,0.0,71,360,0,3180.0,71000,197.22,6.2,0,0,1,0,0,0,1,0
0,2900,0.0,71,360,1,2900.0,71000,197.22,6.8,1,0,0,0,0,0,1,1
2,5000,0.0,72,360,0,5000.0,72000,200.0,4.0,0,1,0,1,1,0,1,0
0,4600,0.0,73,180,1,4600.0,73000,405.56,8.82,0,1,0,1,1,0,1,1
0,3167,0.0,74,360,1,3167.0,74000,205.56,6.49,0,0,1,1,0,0,1,0
0,2014,1929.0,74,360,1,3943.0,74000,205.56,5.21,0,0,1,1,0,0,1,1
4,3173,0.0,74,360,1,3173.0,74000,205.56,6.48,0,1,0,1,1,0,0,1
0,2400,0.0,75,360,1,2400.0,75000,208.33,8.68,0,0,1,1,1,0,1,1
0,9323,0.0,75,180,1,9323.0,75000,416.67,4.47,0,0,1,1,1,0,1,1
0,2435,0.0,75,360,1,2435.0,75000,208.33,8.56,0,0,1,1,0,0,1,0
0,3510,0.0,76,360,0,3510.0,76000,211.11,6.01,0,0,1,0,0,0,1,0
0,3858,0.0,76,360,1,3858.0,76000,211.11,5.47,0,1,0,1,0,0,1,1
2,2301,985.7999878,78,180,1,3286.7999878,78000,433.33,13.18,0,0,1,1,1,0,1,1
0,3600,0.0,80,360,1,3600.0,80000,222.22,6.17,0,0,1,1,0,0,1,0
0,3244,0.0,80,360,1,3244.0,80000,222.22,6.85,0,0,1,0,0,0,1,1
0,3103,1300.0,80,360,1,4403.0,80000,222.22,5.05,0,0,1,1,1,0,1,1
0,2720,0.0,80,120,0,2720.0,80000,666.67,24.51,0,0,1,0,0,0,0,0
2,3547,0.0,80,360,0,3547.0,80000,222.22,6.27,1,0,0,1,0,0,1,0
0,3358,0.0,80,36,1,3358.0,80000,2222.22,66.18,0,1,0,1,0,0,0,0
0,3500,0.0,81,300,1,3500.0,81000,270.0,7.71,0,1,0,1,0,0,1,1
2,3273,1820.0,81,360,1,5093.0,81000,225.0,4.42,0,0,1,1,1,0,0,1
2,2957,0.0,81,360,1,2957.0,81000,225.0,7.61,0,1,0,1,1,0,1,1
4,3522,0.0,81,180,1,3522.0,81000,450.0,12.78,1,0,0,1,1,0,0,0
1,4723,0.0,81,360,1,4723.0,81000,225.0,4.76,0,1,0,0,0,0,1,0
1,4606,0.0,81,360,1,4606.0,81000,225.0,4.88,1,0,0,0,0,0,0,0
0,11000,0.0,83,360,1,11000.0,83000,230.56,2.1,0,0,1,1,0,1,1,0
0,4583,0.0,84,360,1,4583.0,84000,233.33,5.09,1,0,0,0,1,0,1,0
0,2917,0.0,84,360,1,2917.0,84000,233.33,8.0,0,1,0,0,0,0,1,1
0,7085,0.0,84,360,1,7085.0,84000,233.33,3.29,0,1,0,1,0,1,1,1
0,2667,1625.0,84,360,1,4292.0,84000,233.33,5.44,0,0,1,0,0,0,1,1
1,2214,1398.0,85,360,1,3612.0,85000,236.11,6.54,0,0,1,1,1,0,1,1
1,16667,2250.0,86,360,1,18917.0,86000,238.89,1.26,0,1,0,1,1,1,1,1
0,4344,736.0,87,360,1,5080.0,87000,241.67,4.76,0,1,0,1,1,1,0,0
0,2920,16.12000084,87,360,1,2936.12000084,87000,241.67,8.23,1,0,0,1,1,0,1,1
0,3410,0.0,88,120,1,3410.0,88000,733.33,21.51,0,0,1,0,0,0,1,1
2,3316,3500.0,88,360,1,6816.0,88000,244.44,3.59,0,0,1,1,1,1,1,1
0,2058,2134.0,88,360,1,4192.0,88000,244.44,5.83,0,0,1,1,1,0,1,1
0,2987,0.0,88,360,0,2987.0,88000,244.44,8.18,0,1,0,1,0,0,1,0
0,3158,3053.0,89,360,1,6211.0,89000,247.22,3.98,1,0,0,1,0,0,1,1
1,2600,2500.0,90,360,1,5100.0,90000,250.0,4.9,0,1,0,1,1,0,0,1
0,1809,1868.0,90,360,1,3677.0,90000,250.0,6.8,0,0,1,1,1,0,1,1
1,2876,1560.0,90,360,1,4436.0,90000,250.0,5.64,0,0,1,0,0,0,1,1
2,3900,0.0,90,360,1,3900.0,90000,250.0,6.41,0,1,0,1,1,0,1,1
0,2483,2466.0,90,180,0,4949.0,90000,500.0,10.1,1,0,0,1,1,0,1,1
0,1836,33837.0,90,360,1,35673.0,90000,250.0,0.7,0,0,1,1,0,0,1,0
0,3692,0.0,93,360,1,3692.0,93000,258.33,7.0,1,0,0,0,0,0,1,1
0,1800,2934.0,93,360,0,4734.0,93000,258.33,5.46,0,0,1,1,1,0,0,0
0,2500,0.0,93,360,1,2500.0,93000,258.33,10.33,0,0,1,0,0,1,1,1
4,2071,754.0,94,480,1,2825.0,94000,195.83,6.93,0,1,0,1,1,0,0,1
4,5250,0.0,94,360,1,5250.0,94000,261.11,4.97,0,0,1,1,1,0,1,0
1,2679,1302.0,94,360,1,3981.0,94000,261.11,6.56,0,1,0,1,0,0,0,1
0,4750,0.0,94,360,1,4750.0,94000,261.11,5.5,0,1,0,1,0,0,1,1
0,2333,1516.0,95,360,1,3849.0,95000,263.89,6.86,0,0,1,1,1,0,0,1
4,4755,0.0,95,120,0,4755.0,95000,791.67,16.65,0,1,0,1,1,0,0,0
0,1820,1769.0,95,360,1,3589.0,95000,263.89,7.35,1,0,0,1,1,1,0,1
4,2666,2083.0,95,360,1,4749.0,95000,263.89,5.56,1,0,0,1,1,0,1,1
0,3013,3033.0,95,300,1,6046.0,95000,316.67,5.24,0,0,1,1,1,0,1,1
0,3033,1459.0,95,360,1,4492.0,95000,263.89,5.87,0,0,1,1,1,0,1,1
1,2895,0.0,95,360,1,2895.0,95000,263.89,9.12,0,1,0,1,1,1,1,1
0,3400,0.0,95,360,1,3400.0,95000,263.89,7.76,1,0,0,0,0,0,0,0
1,3652,0.0,95,360,1,3652.0,95000,263.89,7.23,0,1,0,0,0,0,1,1
0,4695,0.0,96,120,1,4695.0,96000,800.0,17.04,0,0,1,1,1,1,0,1
0,2132,1591.0,96,360,1,3723.0,96000,266.67,7.16,0,1,0,1,1,0,1,1
1,3315,0.0,96,360,1,3315.0,96000,266.67,8.04,0,1,0,1,1,0,1,1
1,1625,1803.0,96,360,1,3428.0,96000,266.67,7.78,0,0,1,1,1,0,1,1
0,2500,0.0,96,480,1,2500.0,96000,200.0,8.0,0,1,0,1,0,0,1,0
0,14880,0.0,96,360,1,14880.0,96000,266.67,1.79,0,1,0,1,1,0,1,1
2,3859,0.0,96,360,1,3859.0,96000,266.67,6.91,0,1,0,1,1,0,1,1
0,2699,2785.0,96,360,1,5484.0,96000,266.67,4.86,0,1,0,1,0,0,0,1
0,3583,0.0,96,360,1,3583.0,96000,266.67,7.44,0,0,1,1,0,0,1,0
2,2708,1167.0,97,360,1,3875.0,97000,269.44,6.95,0,1,0,1,1,0,1,1
2,1875,1875.0,97,360,1,3750.0,97000,269.44,7.19,0,1,0,1,1,1,0,1
0,1863,1041.0,98,360,1,2904.0,98000,272.22,9.37,0,1,0,1,1,0,0,1
0,2935,0.0,98,360,1,2935.0,98000,272.22,9.27,0,1,0,1,0,0,1,1
0,4166,0.0,98,360,0,4166.0,98000,272.22,6.53,0,1,0,1,0,0,1,0
2,210,2917.0,98,360,1,3127.0,98000,272.22,8.71,0,1,0,0,1,1,0,1
4,3029,0.0,99,360,1,3029.0,99000,275.0,9.08,0,0,1,1,1,0,1,1
2,3333,2000.0,99,360,1,5333.0,99000,275.0,5.16,0,1,0,1,1,0,0,1
0,2600,1717.0,99,300,1,4317.0,99000,330.0,7.64,0,1,0,0,0,1,1,0
0,2138,0.0,99,360,0,2138.0,99000,275.0,12.86,0,1,0,0,0,0,1,0
1,3596,0.0,100,240,1,3596.0,100000,416.67,11.59,0,0,1,1,0,0,0,1
0,1828,1330.0,100,120,0,3158.0,100000,833.33,26.39,0,0,1,1,1,0,1,0
0,1928,1644.0,100,360,1,3572.0,100000,277.78,7.78,0,1,0,0,1,0,0,1
1,3052,1030.0,100,360,1,4082.0,100000,277.78,6.8,0,0,1,1,1,0,1,1
0,2330,4486.0,100,360,1,6816.0,100000,277.78,4.08,0,1,0,0,1,0,1,1
4,3850,983.0,100,360,1,4833.0,100000,277.78,5.75,0,1,0,1,1,0,0,1
0,3000,1666.0,100,480,0,4666.0,100000,208.33,4.46,0,0,1,1,1,0,0,0
2,4566,0.0,100,360,1,4566.0,100000,277.78,6.08,0,0,1,1,1,0,1,0
0,1820,1719.0,100,360,1,3539.0,100000,277.78,7.85,0,0,1,1,1,0,1,1
0,3750,0.0,100,360,1,3750.0,100000,277.78,7.41,0,0,1,1,0,0,1,1
4,4691,0.0,100,360,1,4691.0,100000,277.78,5.92,0,1,0,1,1,0,1,1
0,3159,0.0,100,360,1,3159.0,100000,277.78,8.79,0,1,0,0,0,0,1,1
0,3598,1287.0,100,360,1,4885.0,100000,277.78,5.69,1,0,0,1,0,0,0,0
4,5677,1424.0,100,360,1,7101.0,100000,277.78,3.91,1,0,0,1,1,1,1,1
4,4281,0.0,100,360,1,4281.0,100000,277.78,6.49,0,0,1,1,1,0,1,1
2,2045,1619.0,101,360,1,3664.0,101000,280.56,7.66,1,0,0,1,1,0,1,1
0,4895,0.0,102,360,1,4895.0,102000,283.33,5.79,0,1,0,1,0,0,1,1
0,2333,1451.0,102,480,0,3784.0,102000,212.5,5.62,0,0,1,1,0,0,0,0
0,3017,663.0,102,360,1,3680.0,102000,283.33,7.7,0,1,0,0,1,0,0,1
0,1500,1800.0,103,360,0,3300.0,103000,286.11,8.67,0,1,0,0,0,0,1,0
0,2500,20000.0,103,360,1,22500.0,103000,286.11,1.27,0,1,0,1,0,0,1,1
0,5000,0.0,103,360,0,5000.0,103000,286.11,5.72,0,1,0,0,0,0,1,0
0,7660,0.0,104,360,0,7660.0,104000,288.89,3.77,0,0,1,1,1,0,0,0
0,2500,2118.0,104,360,1,4618.0,104000,288.89,6.26,0,1,0,1,1,0,1,1
1,2491,2054.0,104,360,1,4545.0,104000,288.89,6.36,0,1,0,1,1,0,1,1
0,2583,2167.0,104,360,1,4750.0,104000,288.89,6.08,1,0,0,1,0,1,0,1
0,2400,1863.0,104,360,0,4263.0,104000,288.89,6.78,0,0,1,0,0,0,1,0
0,3166,2064.0,104,360,0,5230.0,104000,288.89,5.52,0,0,1,1,1,0,1,0
0,2297,1522.0,104,360,1,3819.0,104000,288.89,7.56,0,0,1,1,1,0,1,1
2,2875,1750.0,105,360,1,4625.0,105000,291.67,6.31,0,1,0,1,1,0,0,1
0,5500,0.0,105,360,0,5500.0,105000,291.67,5.3,1,0,0,0,1,1,1,0
0,6500,0.0,105,360,0,6500.0,105000,291.67,4.49,1,0,0,1,0,0,1,0
1,3326,913.0,105,84,1,4239.0,105000,1250.0,29.49,0,1,0,0,1,0,1,1
1,4692,0.0,106,360,1,4692.0,106000,294.44,6.28,1,0,0,1,0,1,1,0
2,2726,0.0,106,360,0,2726.0,106000,294.44,10.8,0,1,0,1,1,1,1,0
0,2600,1700.0,107,360,1,4300.0,107000,297.22,6.91,1,0,0,1,1,0,0,1
2,3617,0.0,107,360,1,3617.0,107000,297.22,8.22,0,1,0,1,0,0,1,1
1,1782,2232.0,107,360,1,4014.0,107000,297.22,7.4,1,0,0,1,1,0,1,1
0,3625,0.0,108,360,1,3625.0,108000,300.0,8.28,0,1,0,0,1,0,1,1
2,6250,1300.0,108,360,1,7550.0,108000,300.0,3.97,1,0,0,1,1,1,1,1
2,3675,242.0,108,360,1,3917.0,108000,300.0,7.66,0,1,0,1,1,0,0,1
2,3159,461.0,108,84,1,3620.0,108000,1285.71,35.52,0,0,1,1,1,0,1,1
0,3232,1950.0,108,360,1,5182.0,108000,300.0,5.79,1,0,0,1,1,0,1,1
2,2500,1840.0,109,360,1,4340.0,109000,302.78,6.98,0,0,1,1,1,0,1,1
0,3902,1666.0,109,360,1,5568.0,109000,302.78,5.44,1,0,0,1,0,0,0,1
2,4226,1040.0,110,360,1,5266.0,110000,305.56,5.8,0,0,1,1,1,0,0,1
0,3748,1668.0,110,360,1,5416.0,110000,305.56,5.64,0,1,0,1,0,0,0,1
1,1000,3022.0,110,360,1,4022.0,110000,305.56,7.6,0,0,1,1,1,1,1,0
4,4416,1250.0,110,360,1,5666.0,110000,305.56,5.39,0,0,1,1,1,0,1,1
0,4333,2451.0,110,360,1,6784.0,110000,305.56,4.5,0,0,1,0,1,0,1,0
0,2764,1459.0,110,360,1,4223.0,110000,305.56,7.24,0,0,1,0,0,0,1,1
0,2253,2033.0,110,360,1,4286.0,110000,305.56,7.13,1,0,0,1,1,0,0,1
1,7250,1667.0,110,120,0,8917.0,110000,916.67,10.28,0,0,1,1,1,0,1,0
2,4652,0.0,110,360,1,4652.0,110000,305.56,6.57,1,0,0,1,1,0,0,1
0,16692,0.0,110,360,1,16692.0,110000,305.56,1.83,0,1,0,1,1,0,1,1
0,4333,2451.0,110,360,1,6784.0,110000,305.56,4.5,0,0,1,1,1,0,1,0
0,3691,0.0,110,360,1,3691.0,110000,305.56,8.28,1,0,0,1,0,0,0,1
0,3775,0.0,110,360,1,3775.0,110000,305.56,8.09,0,1,0,1,1,0,1,1
2,3588,0.0,110,360,0,3588.0,110000,305.56,8.52,1,0,0,1,0,0,1,0
0,2785,2016.0,110,360,1,4801.0,110000,305.56,6.36,1,0,0,1,1,0,1,1
0,3229,2739.0,110,360,1,5968.0,110000,305.56,5.12,0,0,1,1,0,0,1,1
0,3833,0.0,110,360,1,3833.0,110000,305.56,7.97,1,0,0,1,0,0,0,1
0,3846,0.0,111,360,1,3846.0,111000,308.33,8.02,0,1,0,0,0,0,1,1
0,2927,2405.0,111,360,1,5332.0,111000,308.33,5.78,0,1,0,1,0,0,0,1
1,3399,1640.0,111,180,1,5039.0,111000,616.67,12.24,0,0,1,1,1,0,0,1
1,3062,1987.0,111,180,0,5049.0,111000,616.67,12.21,0,0,1,1,0,0,1,0
2,3365,1917.0,112,360,0,5282.0,112000,311.11,5.89,1,0,0,1,1,0,0,0
0,4230,0.0,112,360,1,4230.0,112000,311.11,7.35,0,1,0,0,0,0,1,0
0,4583,0.0,112,360,1,4583.0,112000,311.11,6.79,1,0,0,0,1,0,1,0
1,3812,0.0,112,360,1,3812.0,112000,311.11,8.16,1,0,0,0,0,0,1,1
2,9703,0.0,112,360,1,9703.0,112000,311.11,3.21,0,0,1,1,1,0,1,1
0,3927,800.0,112,360,1,4727.0,112000,311.11,6.58,0,1,0,1,1,0,1,1
1,3541,0.0,112,360,0,3541.0,112000,311.11,8.79,0,1,0,0,0,0,1,1
0,1025,2773.0,112,360,1,3798.0,112000,311.11,8.19,1,0,0,1,1,0,1,1
0,3750,0.0,113,480,1,3750.0,113000,235.42,6.28,0,0,1,1,0,0,1,0
2,2281,0.0,113,360,1,2281.0,113000,313.89,13.76,1,0,0,1,1,0,0,0
0,3416,2816.0,113,360,0,6232.0,113000,313.89,5.04,0,1,0,0,1,0,1,1
1,2014,2925.0,113,360,1,4939.0,113000,313.89,6.36,0,0,1,1,1,0,1,0
1,3667,0.0,113,180,1,3667.0,113000,627.78,17.12,0,0,1,1,0,0,1,1
2,1993,1625.0,113,180,1,3618.0,113000,627.78,17.35,0,1,0,1,1,0,0,1
2,3100,1400.0,113,360,1,4500.0,113000,313.89,6.98,0,0,1,1,1,0,1,1
1,2653,1500.0,113,180,0,4153.0,113000,627.78,15.12,1,0,0,1,1,0,0,0
4,3095,0.0,113,360,1,3095.0,113000,313.89,10.14,1,0,0,1,1,0,0,1
0,645,3683.0,113,480,1,4328.0,113000,235.42,5.44,1,0,0,0,0,0,1,1
2,2031,1632.0,113,480,1,3663.0,113000,235.42,6.43,0,1,0,0,1,0,1,1
0,1853,2840.0,114,360,1,4693.0,114000,316.67,6.75,1,0,0,1,0,0,1,0
0,3500,1667.0,114,360,1,5167.0,114000,316.67,6.13,0,1,0,1,1,0,1,1
0,2600,3500.0,115,120,1,6100.0,115000,958.33,15.71,0,0,1,1,1,0,1,1
0,4188,0.0,115,180,1,4188.0,115000,638.89,15.26,0,1,0,1,1,0,0,1
0,6045,0.0,115,360,0,6045.0,115000,319.44,5.28,1,0,0,1,0,0,0,0
1,2750,1842.0,115,360,1,4592.0,115000,319.44,6.96,0,1,0,1,1,0,1,1
0,4124,0.0,115,360,1,4124.0,115000,319.44,7.75,0,1,0,0,0,0,1,1
0,2400,2167.0,115,360,1,4567.0,115000,319.44,6.99,0,1,0,1,1,0,1,1
0,4547,0.0,115,360,1,4547.0,115000,319.44,7.03,0,1,0,0,0,0,1,1
0,2167,2400.0,115,360,1,4567.0,115000,319.44,6.99,0,0,1,1,1,0,0,1
0,2600,1911.0,116,360,0,4511.0,116000,322.22,7.14,0,1,0,1,1,0,0,0
0,4166,0.0,116,360,0,4166.0,116000,322.22,7.73,0,1,0,0,0,0,1,0
0,3497,1964.0,116,360,1,5461.0,116000,322.22,5.9,1,0,0,1,1,0,1,1
1,3750,0.0,116,360,1,3750.0,116000,322.22,8.59,0,1,0,1,1,0,1,1
2,4009,1717.0,116,360,1,5726.0,116000,322.22,5.63,0,1,0,1,1,0,1,1
0,3813,0.0,116,180,1,3813.0,116000,644.44,16.9,0,0,1,0,0,0,1,1
1,4384,1793.0,117,360,1,6177.0,117000,325.0,5.26,0,0,1,1,0,0,1,1
0,5050,0.0,118,360,1,5050.0,118000,327.78,6.49,0,1,0,1,0,0,1,1
0,6277,0.0,118,360,0,6277.0,118000,327.78,5.22,1,0,0,1,0,0,1,0
0,4301,0.0,118,360,1,4301.0,118000,327.78,7.62,0,0,1,1,1,0,1,1
0,3597,2157.0,119,360,0,5754.0,119000,330.56,5.74,1,0,0,1,1,0,1,0
0,2583,2358.0,120,360,1,4941.0,120000,333.33,6.75,0,0,1,1,1,0,0,1
2,3750,2083.0,120,360,1,5833.0,120000,333.33,5.71,0,1,0,0,0,0,1,1
0,2645,3440.0,120,360,0,6085.0,120000,333.33,5.48,0,0,1,0,1,0,1,0
0,3086,0.0,120,360,1,3086.0,120000,333.33,10.8,0,1,0,0,0,0,1,1
0,2500,3796.0,120,360,1,6296.0,120000,333.33,5.29,0,0,1,1,1,0,1,1
0,7333,0.0,120,360,1,7333.0,120000,333.33,4.55,1,0,0,1,0,1,0,0
0,2980,2083.0,120,360,1,5063.0,120000,333.33,6.58,1,0,0,1,0,0,1,1
0,39147,4750.0,120,360,1,43897.0,120000,333.33,0.76,0,1,0,1,1,1,1,1
0,4191,0.0,120,360,1,4191.0,120000,333.33,7.95,1,0,0,1,0,0,1,1
0,1907,2365.0,120,120,1,4272.0,120000,1000.0,23.41,0,0,1,0,0,0,0,1
0,4408,0.0,120,360,1,4408.0,120000,333.33,7.56,0,1,0,0,0,0,0,1
0,3189,2598.0,120,120,1,5787.0,120000,1000.0,17.28,1,0,0,1,0,0,0,1
2,5819,5000.0,120,360,1,10819.0,120000,333.33,3.08,1,0,0,1,1,0,1,1
0,6050,4333.0,120,180,1,10383.0,120000,666.67,6.42,0,0,1,1,0,1,1,0
0,7200,0.0,120,360,1,7200.0,120000,333.33,4.63,1,0,0,0,0,0,1,1
0,3704,2000.0,120,360,1,5704.0,120000,333.33,5.84,1,0,0,1,1,0,1,1
2,3717,0.0,120,360,1,3717.0,120000,333.33,8.97,0,1,0,1,1,0,1,1
0,4817,923.0,120,180,1,5740.0,120000,666.67,11.61,0,0,1,1,1,0,1,1
0,2583,2115.0,120,360,1,4698.0,120000,333.33,7.1,0,0,1,1,1,0,1,1
0,4467,0.0,120,360,1,4467.0,120000,333.33,7.46,1,0,0,1,1,0,0,1
1,3089,1280.0,121,360,0,4369.0,121000,336.11,7.69,0,1,0,1,1,0,1,0
0,2666,4300.0,121,360,1,6966.0,121000,336.11,4.83,1,0,0,1,1,0,1,1
0,2799,2253.0,122,360,1,5052.0,122000,338.89,6.71,0,1,0,1,1,0,1,1
0,4133,0.0,122,360,1,4133.0,122000,338.89,8.2,0,1,0,1,0,0,1,1
0,2698,2034.0,122,360,1,4732.0,122000,338.89,7.16,0,1,0,1,1,0,1,1
0,3463,0.0,122,360,1,3463.0,122000,338.89,9.79,0,0,1,0,0,1,1,1
0,3406,4417.0,123,360,1,7823.0,123000,341.67,4.37,0,1,0,1,1,0,0,1
1,2882,1843.0,123,480,1,4725.0,123000,256.25,5.42,0,1,0,1,1,0,1,1
2,3074,1800.0,123,360,0,4874.0,123000,341.67,7.01,0,1,0,1,1,0,0,0
4,3400,2500.0,123,360,0,5900.0,123000,341.67,5.79,1,0,0,1,1,0,1,0
2,3917,0.0,124,360,1,3917.0,124000,344.44,8.79,0,1,0,1,1,0,0,1
0,4100,0.0,124,360,1,4100.0,124000,344.44,8.4,1,0,0,0,1,0,0,1
4,4342,189.0,124,360,1,4531.0,124000,344.44,7.6,0,1,0,1,1,0,1,1
0,5124,0.0,124,360,0,5124.0,124000,344.44,6.72,1,0,0,1,0,0,1,0
0,3814,1483.0,124,300,1,5297.0,124000,413.33,7.8,0,1,0,1,1,0,0,1
0,4950,0.0,125,360,1,4950.0,125000,347.22,7.01,0,0,1,1,0,0,1,1
4,7100,0.0,125,60,1,7100.0,125000,2083.33,29.34,0,0,1,1,1,1,0,1
0,4860,830.0,125,360,1,5690.0,125000,347.22,6.1,0,1,0,1,1,0,1,1
2,2583,2330.0,125,360,1,4913.0,125000,347.22,7.07,1,0,0,1,1,0,1,1
0,5488,0.0,125,360,1,5488.0,125000,347.22,6.33,1,0,0,1,1,0,1,1
2,2309,1255.0,125,360,0,3564.0,125000,347.22,9.74,1,0,0,1,1,0,0,0
0,18165,0.0,125,360,1,18165.0,125000,347.22,1.91,0,0,1,0,0,1,0,1
0,3200,2254.0,126,180,0,5454.0,126000,700.0,12.83,0,0,1,1,0,0,0,0
0,2833,1857.0,126,360,1,4690.0,126000,350.0,7.46,1,0,0,1,0,0,1,1
2,3083,2168.0,126,360,1,5251.0,126000,350.0,6.67,0,0,1,1,1,0,0,1
0,2550,2042.0,126,360,1,4592.0,126000,350.0,7.62,1,0,0,1,0,1,0,1
0,3418,0.0,127,360,1,3418.0,127000,352.78,10.32,0,1,0,1,0,0,1,0
2,4283,2383.0,127,360,1,6666.0,127000,352.78,5.29,0,1,0,0,1,0,1,1
2,4400,0.0,127,360,0,4400.0,127000,352.78,8.02,0,1,0,1,1,0,1,0
1,4583,1508.0,128,360,1,6091.0,128000,355.56,5.84,1,0,0,1,1,0,1,0
4,3430,1250.0,128,360,0,4680.0,128000,355.56,7.6,0,1,0,1,1,0,1,0
0,6250,0.0,128,360,1,6250.0,128000,355.56,5.69,0,1,0,1,1,0,1,1
4,4931,0.0,128,360,1,4931.0,128000,355.56,7.21,0,1,0,1,1,0,0,0
0,5166,0.0,128,360,1,5166.0,128000,355.56,6.88,0,1,0,1,0,1,1,1
0,3333,2500.0,128,360,1,5833.0,128000,355.56,6.1,0,1,0,1,1,0,1,1
0,7167,0.0,128,360,1,7167.0,128000,355.56,4.96,0,0,1,1,0,1,1,1
4,7740,0.0,128,180,1,7740.0,128000,711.11,9.19,0,0,1,1,1,0,1,1
0,2083,3150.0,128,360,1,5233.0,128000,355.56,6.79,0,1,0,1,1,0,1,1
1,2239,2524.0,128,360,1,4763.0,128000,355.56,7.47,0,0,1,1,1,0,0,1
4,5703,0.0,128,360,1,5703.0,128000,355.56,6.23,0,0,1,1,1,0,1,1
2,4200,1430.0,129,360,1,5630.0,129000,358.33,6.36,1,0,0,1,1,0,0,0
0,2439,3333.0,129,360,1,5772.0,129000,358.33,6.21,1,0,0,1,1,0,1,1
4,3333,2166.0,130,360,1,5499.0,130000,361.11,6.57,0,1,0,1,1,1,0,1
4,5703,0.0,130,360,1,5703.0,130000,361.11,6.33,1,0,0,1,1,1,0,1
0,4917,0.0,130,360,0,4917.0,130000,361.11,7.34,1,0,0,1,0,0,1,1
0,2423,505.0,130,360,1,2928.0,130000,361.11,12.33,0,1,0,0,1,0,1,1
0,4750,2333.0,130,360,1,7083.0,130000,361.11,5.1,0,0,1,1,1,0,1,1
4,8750,4996.0,130,360,1,13746.0,130000,361.11,2.63,1,0,0,1,1,0,1,1
0,4310,0.0,130,360,1,4310.0,130000,361.11,8.38,0,1,0,1,1,0,1,1
2,5391,0.0,130,360,1,5391.0,130000,361.11,6.7,0,0,1,1,1,0,1,1
1,3466,1210.0,130,360,1,4676.0,130000,361.11,7.72,1,0,0,1,1,1,1,1
0,6783,0.0,130,360,1,6783.0,130000,361.11,5.32,0,1,0,1,0,0,0,1
0,2958,2900.0,131,360,1,5858.0,131000,363.89,6.21,0,1,0,1,1,0,1,1
0,1759,3541.0,131,360,1,5300.0,131000,363.89,6.87,0,1,0,1,1,0,1,1
0,3727,1775.0,131,360,1,5502.0,131000,363.89,6.61,0,1,0,1,1,0,1,1
1,1958,2436.0,131,360,1,4394.0,131000,363.89,8.28,1,0,0,1,1,0,0,1
0,5000,0.0,132,360,1,5000.0,132000,366.67,7.33,1,0,0,0,0,0,1,1
0,3166,2985.0,132,360,1,6151.0,132000,366.67,5.96,1,0,0,0,0,0,1,1
0,2346,1600.0,132,360,1,3946.0,132000,366.67,9.29,0,1,0,1,0,0,0,1
1,5191,0.0,132,360,1,5191.0,132000,366.67,7.06,0,1,0,0,0,1,0,1
2,2873,1872.0,132,360,0,4745.0,132000,366.67,7.73,0,1,0,1,1,0,1,0
0,3593,4266.0,132,180,0,7859.0,132000,733.33,9.33,1,0,0,1,1,0,1,0
0,5800,0.0,132,360,1,5800.0,132000,366.67,6.32,0,1,0,1,0,1,0,1
0,4887,0.0,133,360,1,4887.0,133000,369.44,7.56,1,0,0,1,1,0,0,0
2,4288,3263.0,133,180,1,7551.0,133000,738.89,9.79,0,0,1,1,1,0,0,1
0,6216,0.0,133,360,1,6216.0,133000,369.44,5.94,1,0,0,1,0,0,0,0
2,5935,0.0,133,360,1,5935.0,133000,369.44,6.22,0,1,0,1,1,0,1,1
0,4583,0.0,133,360,0,4583.0,133000,369.44,8.06,0,1,0,0,0,1,1,0
0,3941,2336.0,134,360,1,6277.0,134000,372.22,5.93,0,1,0,1,1,0,1,1
2,4616,0.0,134,360,1,4616.0,134000,372.22,8.06,0,0,1,1,1,0,1,0
0,2060,2209.0,134,360,1,4269.0,134000,372.22,8.72,0,1,0,1,0,0,1,1
2,3153,1560.0,134,360,1,4713.0,134000,372.22,7.9,0,0,1,1,1,0,1,1
0,3366,2200.0,135,360,1,5566.0,135000,375.0,6.74,1,0,0,1,1,0,1,0
1,3500,1083.0,135,360,1,4583.0,135000,375.0,8.18,0,0,1,1,1,0,0,1
0,150,1800.0,135,360,1,1950.0,135000,375.0,19.23,1,0,0,1,1,0,1,0
0,3418,0.0,135,360,1,3418.0,135000,375.0,10.97,1,0,0,0,0,1,1,0
1,4666,0.0,135,360,1,4666.0,135000,375.0,8.04,0,0,1,0,1,0,1,1
0,3762,1666.0,135,360,1,5428.0,135000,375.0,6.91,1,0,0,0,0,0,1,1
2,3276,484.0,135,360,1,3760.0,135000,375.0,9.97,0,1,0,1,1,0,1,1
0,4300,0.0,136,360,0,4300.0,136000,377.78,8.79,0,1,0,0,0,0,1,0
0,2366,2531.0,136,360,1,4897.0,136000,377.78,7.71,0,1,0,1,0,0,1,1
0,5316,0.0,136,360,1,5316.0,136000,377.78,7.11,0,0,1,1,0,0,1,1
0,11146,0.0,136,360,1,11146.0,136000,377.78,3.39,0,0,1,1,1,0,1,1
0,2333,2417.0,136,360,1,4750.0,136000,377.78,7.95,0,0,1,1,1,0,1,1
2,4354,0.0,136,360,1,4354.0,136000,377.78,8.68,1,0,0,1,0,0,1,1
0,3087,2210.0,136,360,0,5297.0,136000,377.78,7.13,0,1,0,1,1,0,1,0
0,2484,2302.0,137,360,1,4786.0,137000,380.56,7.95,0,1,0,0,1,0,1,1
0,2137,8980.0,137,360,0,11117.0,137000,380.56,3.42,0,1,0,0,0,0,1,1
0,3173,3021.0,137,360,1,6194.0,137000,380.56,6.14,0,0,1,1,1,0,1,1
1,6608,0.0,137,180,1,6608.0,137000,761.11,11.52,0,0,1,1,1,0,0,1
2,4735,0.0,138,360,1,4735.0,138000,383.33,8.1,0,0,1,1,1,1,0,0
2,3427,0.0,138,360,1,3427.0,138000,383.33,11.19,0,0,1,0,0,0,1,0
0,3246,1417.0,138,360,1,4663.0,138000,383.33,8.22,0,1,0,1,1,0,1,1
0,5829,0.0,138,360,1,5829.0,138000,383.33,6.58,1,0,0,1,1,0,1,1
0,7142,0.0,138,360,1,7142.0,138000,383.33,5.37,1,0,0,0,1,1,0,1
1,4050,5302.0,138,360,1,9352.0,138000,383.33,4.1,1,0,0,1,1,0,0,0
0,2929,2333.0,139,360,1,5262.0,139000,386.11,7.34,0,1,0,0,1,1,1,1
0,3075,2416.0,139,360,1,5491.0,139000,386.11,7.03,1,0,0,1,1,0,1,1
1,3155,1779.0,140,360,1,4934.0,140000,388.89,7.88,0,1,0,1,1,0,1,1
1,2510,1983.0,140,180,1,4493.0,140000,777.78,17.31,0,0,1,1,1,0,0,0
0,4000,2500.0,140,360,1,6500.0,140000,388.89,5.98,1,0,0,1,0,0,1,1
0,6000,0.0,140,360,1,6000.0,140000,388.89,6.48,1,0,0,1,0,0,1,1
1,4608,2845.0,140,180,1,7453.0,140000,777.78,10.44,0,1,0,0,1,0,1,1
0,6000,0.0,141,360,1,6000.0,141000,391.67,6.53,0,0,1,1,0,0,1,1
0,6822,0.0,141,360,1,6822.0,141000,391.67,5.74,1,0,0,1,0,1,1,1
0,3859,3300.0,142,180,1,7159.0,142000,788.89,11.02,1,0,0,1,1,0,1,1
0,5417,0.0,143,480,0,5417.0,143000,297.92,5.5,0,0,1,0,0,0,1,0
0,2425,2340.0,143,360,1,4765.0,143000,397.22,8.34,0,1,0,1,1,0,1,1
0,3667,1459.0,144,360,1,5126.0,144000,400.0,7.8,0,1,0,0,1,0,1,1
0,5821,0.0,144,360,1,5821.0,144000,400.0,6.87,0,0,1,1,1,0,1,1
0,4000,2275.0,144,360,1,6275.0,144000,400.0,6.37,0,1,0,0,0,0,1,1
2,3357,2859.0,144,360,1,6216.0,144000,400.0,6.44,0,0,1,1,1,0,0,1
0,2971,2791.0,144,360,1,5762.0,144000,400.0,6.94,0,1,0,1,0,0,1,1
2,5746,0.0,144,84,1,5746.0,144000,1714.29,29.83,1,0,0,1,1,1,1,1
0,2526,1783.0,145,360,1,4309.0,145000,402.78,9.35,1,0,0,1,0,0,1,1
1,2787,1917.0,146,360,0,4704.0,146000,405.56,8.62,1,0,0,1,1,0,1,0
4,4707,1993.0,148,360,1,6700.0,148000,411.11,6.14,0,1,0,1,0,0,0,1
2,3283,2035.0,148,360,1,5318.0,148000,411.11,7.73,0,0,1,1,1,0,1,1
0,3948,1733.0,149,360,0,5681.0,149000,413.89,7.29,1,0,0,1,1,0,1,0
2,4708,1387.0,150,360,1,6095.0,150000,416.67,6.84,0,1,0,1,1,0,1,1
0,2620,2223.0,150,360,1,4843.0,150000,416.67,8.6,0,1,0,1,1,0,1,1
1,8624,0.0,150,360,1,8624.0,150000,416.67,4.83,0,1,0,0,0,1,1,1
2,3340,1710.0,150,360,0,5050.0,150000,416.67,8.25,1,0,0,1,1,0,1,0
2,16525,1014.0,150,360,1,17539.0,150000,416.67,2.38,1,0,0,1,1,1,1,1
4,3466,3428.0,150,360,1,6894.0,150000,416.67,6.04,1,0,0,1,1,0,1,1
4,6406,0.0,150,360,1,6406.0,150000,416.67,6.5,0,1,0,1,1,0,1,0
1,3717,2925.0,151,360,1,6642.0,151000,419.44,6.31,0,1,0,1,1,1,1,0
0,4843,3806.0,151,360,1,8649.0,151000,419.44,4.85,0,1,0,1,0,0,1,1
0,4095,3447.0,151,360,1,7542.0,151000,419.44,5.56,1,0,0,1,0,0,1,1
0,5000,2541.0,151,480,1,7541.0,151000,314.58,4.17,1,0,0,0,0,0,1,0
0,3572,4114.0,152,360,0,7686.0,152000,422.22,5.49,1,0,0,1,1,0,0,0
0,2577,3750.0,152,360,1,6327.0,152000,422.22,6.67,1,0,0,1,1,1,1,1
2,3523,3230.0,152,360,0,6753.0,152000,422.22,6.25,1,0,0,1,1,0,0,0
1,8300,0.0,152,300,0,8300.0,152000,506.67,6.1,0,1,0,1,1,0,1,0
1,37719,0.0,152,360,1,37719.0,152000,422.22,1.12,0,1,0,1,0,0,1,1
0,3015,2188.0,153,360,1,5203.0,153000,425.0,8.17,1,0,0,1,1,0,1,1
0,3167,2283.0,154,360,1,5450.0,154000,427.78,7.85,0,1,0,0,1,0,1,1
0,4350,0.0,154,360,1,4350.0,154000,427.78,9.83,1,0,0,0,0,0,0,1
0,2965,5701.0,155,60,1,8666.0,155000,2583.33,29.81,0,0,1,1,0,0,1,1
1,3481,0.0,155,36,1,3481.0,155000,4305.56,123.69,0,1,0,0,0,0,1,0
1,10000,0.0,155,360,1,10000.0,155000,430.56,4.31,1,0,0,1,1,1,1,0
2,5185,0.0,155,360,1,5185.0,155000,430.56,8.3,0,1,0,1,1,0,1,1
0,2768,1950.0,155,360,1,4718.0,155000,430.56,9.13,1,0,0,1,1,0,1,1
0,2894,2792.0,155,360,1,5686.0,155000,430.56,7.57,1,0,0,1,1,1,0,1
0,6000,0.0,156,360,1,6000.0,156000,433.33,7.22,0,0,1,0,0,0,1,1
4,6417,0.0,157,180,1,6417.0,157000,872.22,13.59,1,0,0,1,1,0,1,1
2,3987,1411.0,157,360,1,5398.0,157000,436.11,8.08,1,0,0,1,1,0,0,1
4,3036,2504.0,158,360,0,5540.0,158000,438.89,7.92,0,1,0,1,1,0,1,0
2,4167,1447.0,158,360,1,5614.0,158000,438.89,7.82,1,0,0,1,1,0,1,1
0,4758,0.0,158,480,1,4758.0,158000,329.17,6.92,0,1,0,1,0,0,1,1
1,4053,2426.0,158,360,0,6479.0,158000,438.89,6.77,0,0,1,1,0,1,0,0
1,4554,1229.0,158,360,1,5783.0,158000,438.89,7.59,0,0,1,1,1,0,0,1
1,3333,3250.0,158,360,1,6583.0,158000,438.89,6.67,0,0,1,1,1,0,1,1
0,2473,1843.0,159,360,1,4316.0,159000,441.67,10.23,1,0,0,1,1,0,1,0
2,3816,754.0,160,360,1,4570.0,160000,444.44,9.73,0,0,1,1,1,0,1,1
1,10513,3850.0,160,180,0,14363.0,160000,888.89,6.19,0,0,1,1,1,1,1,0
1,6000,0.0,160,360,1,6000.0,160000,444.44,7.41,1,0,0,1,1,0,1,1
0,6033,0.0,160,360,1,6033.0,160000,444.44,7.37,0,0,1,1,1,0,0,0
4,4333,1811.0,160,360,0,6144.0,160000,444.44,7.23,0,0,1,1,1,0,1,1
1,5250,688.0,160,360,1,5938.0,160000,444.44,7.48,1,0,0,1,1,0,1,1
0,2499,2458.0,160,360,1,4957.0,160000,444.44,8.97,0,1,0,1,1,0,1,1
0,6256,0.0,160,360,1,6256.0,160000,444.44,7.1,0,0,1,1,1,0,1,1
1,2600,0.0,160,360,1,2600.0,160000,444.44,17.09,0,0,1,0,0,0,1,0
0,8334,0.0,160,360,1,8334.0,160000,444.44,5.33,0,1,0,1,1,0,1,0
0,2083,4083.0,160,360,1,6166.0,160000,444.44,7.21,0,1,0,1,1,1,1,1
2,4583,2083.0,160,360,1,6666.0,160000,444.44,6.67,0,1,0,1,1,1,1,1
1,5285,1430.0,161,360,0,6715.0,161000,447.22,6.66,0,1,0,1,1,0,0,1
0,3182,2917.0,161,360,1,6099.0,161000,447.22,7.33,0,0,1,1,0,0,1,1
1,3450,2079.0,162,360,1,5529.0,162000,450.0,8.14,0,1,0,1,1,1,1,1
2,5532,4648.0,162,360,1,10180.0,162000,450.0,4.42,1,0,0,1,0,0,1,1
0,3887,2669.0,162,360,1,6556.0,162000,450.0,6.86,0,1,0,1,1,0,1,1
0,12000,0.0,164,360,1,12000.0,164000,455.56,3.8,0,1,0,1,0,0,1,0
0,2609,3449.0,165,180,0,6058.0,165000,916.67,15.13,1,0,0,1,1,1,0,0
2,8333,3167.0,165,360,1,11500.0,165000,458.33,3.99,1,0,0,1,1,0,1,1
2,5116,1451.0,165,360,0,6567.0,165000,458.33,6.98,0,0,1,1,1,0,1,0
2,4923,0.0,166,360,0,4923.0,166000,461.11,9.37,0,1,0,1,0,0,1,1
2,1378,1881.0,167,360,1,3259.0,167000,463.89,14.23,0,0,1,0,1,0,1,0
2,4006,1526.0,168,360,1,5532.0,168000,466.67,8.44,0,0,1,1,1,0,1,1
0,5417,0.0,168,360,1,5417.0,168000,466.67,8.61,0,0,1,1,0,0,1,1
0,674,5296.0,168,360,1,5970.0,168000,466.67,7.82,1,0,0,1,1,1,1,1
1,3125,2583.0,170,360,1,5708.0,170000,472.22,8.27,0,1,0,1,1,0,1,0
0,3250,0.0,170,360,1,3250.0,170000,472.22,14.53,1,0,0,1,1,0,1,0
1,5500,1260.0,170,360,1,6760.0,170000,472.22,6.99,1,0,0,1,1,0,1,1
0,3208,3066.0,172,360,1,6274.0,172000,477.78,7.62,0,0,1,1,1,0,1,1
0,2383,3334.0,172,360,1,5717.0,172000,477.78,8.36,0,1,0,1,1,0,1,1
1,4283,3000.0,172,84,1,7283.0,172000,2047.62,28.12,1,0,0,1,1,0,1,0
0,3676,4301.0,172,360,1,7977.0,172000,477.78,5.99,1,0,0,1,0,0,1,1
4,2647,1587.0,173,360,1,4234.0,173000,480.56,11.35,1,0,0,1,1,0,0,0
0,3708,2569.0,173,360,1,6277.0,173000,480.56,7.66,0,0,1,1,1,0,1,0
1,3400,2500.0,173,360,1,5900.0,173000,480.56,8.15,0,1,0,1,1,0,1,1
0,5695,4167.0,175,360,1,9862.0,175000,486.11,4.93,0,1,0,1,1,0,1,1
0,5568,2142.0,175,360,1,7710.0,175000,486.11,6.3,1,0,0,1,1,0,1,0
0,6950,0.0,175,180,1,6950.0,175000,972.22,13.99,0,1,0,1,0,1,1,1
0,7578,1010.0,175,360,1,8588.0,175000,486.11,5.66,0,1,0,1,1,0,1,1
1,6325,0.0,175,360,1,6325.0,175000,486.11,7.69,0,1,0,1,1,0,1,1
0,7333,8333.0,175,300,1,15666.0,175000,583.33,3.72,1,0,0,1,1,0,1,1
0,3750,4750.0,176,360,1,8500.0,176000,488.89,5.75,0,0,1,1,0,0,1,0
2,2500,4600.0,176,360,1,7100.0,176000,488.89,6.89,1,0,0,1,1,1,1,1
0,2149,3237.0,178,360,0,5386.0,178000,494.44,9.18,0,1,0,0,1,0,0,0
1,8080,2250.0,180,360,1,10330.0,180000,500.0,4.84,0,0,1,1,1,0,1,1
4,3167,4000.0,180,300,0,7167.0,180000,600.0,8.37,0,1,0,1,1,0,1,0
2,5667,2667.0,180,360,1,8334.0,180000,500.0,6.0,1,0,0,1,1,0,1,1
1,6400,7250.0,180,360,0,13650.0,180000,500.0,3.66,0,0,1,1,1,0,1,0
0,7901,1833.0,180,360,1,9734.0,180000,500.0,5.14,1,0,0,1,1,0,1,1
0,9963,0.0,180,360,1,9963.0,180000,500.0,5.02,1,0,0,1,1,1,1,1
0,2454,2333.0,181,360,0,4787.0,181000,502.78,10.5,0,0,1,1,1,0,0,0
0,6080,2569.0,182,360,1,8649.0,182000,505.56,5.85,1,0,0,1,1,0,1,0
0,3707,3166.0,182,360,1,6873.0,182000,505.56,7.36,1,0,0,1,1,0,1,1
1,9833,1833.0,182,180,1,11666.0,182000,1011.11,8.67,0,0,1,1,1,1,1,1
0,4180,2306.0,182,360,1,6486.0,182000,505.56,7.79,0,1,0,0,1,0,1,1
0,4166,7210.0,184,360,1,11376.0,184000,511.11,4.49,0,0,1,1,0,0,1,1
0,5818,2160.0,184,360,1,7978.0,184000,511.11,6.41,0,1,0,1,1,1,1,1
1,14583,0.0,185,180,1,14583.0,185000,1027.78,7.05,1,0,0,1,1,0,1,1
2,5042,2083.0,185,360,1,7125.0,185000,513.89,7.21,1,0,0,1,1,0,1,0
2,7667,0.0,185,360,1,7667.0,185000,513.89,6.7,1,0,0,1,1,0,0,1
4,9167,0.0,185,360,1,9167.0,185000,513.89,5.61,1,0,0,1,0,0,1,1
0,4683,1915.0,185,360,1,6598.0,185000,513.89,7.79,0,1,0,1,0,0,1,0
1,5333,1131.0,186,360,1,6464.0,186000,516.67,7.99,0,0,1,1,1,0,0,1
1,3417,1750.0,186,360,1,5167.0,186000,516.67,10.0,0,0,1,1,1,0,1,1
4,5266,1774.0,187,360,1,7040.0,187000,519.44,7.38,0,1,0,1,1,1,1,1
2,11757,0.0,187,180,1,11757.0,187000,1038.89,8.84,0,0,1,1,1,0,1,1
1,9538,0.0,187,360,1,9538.0,187000,519.44,5.45,0,0,1,1,1,0,1,1
0,5708,5625.0,187,360,1,11333.0,187000,519.44,4.58,0,1,0,1,1,0,1,1
0,8333,3750.0,187,360,1,12083.0,187000,519.44,4.3,1,0,0,1,0,0,1,1
0,9508,0.0,187,360,1,9508.0,187000,519.44,5.46,1,0,0,1,0,0,1,1
0,2625,6250.0,187,360,1,8875.0,187000,519.44,5.85,1,0,0,1,1,0,1,1
0,10416,0.0,187,360,0,10416.0,187000,519.44,4.99,0,0,1,1,0,1,1,0
0,3660,5064.0,187,360,1,8724.0,187000,519.44,5.95,0,1,0,1,0,0,1,1
2,6125,1625.0,187,480,1,7750.0,187000,389.58,5.03,0,1,0,1,1,0,0,0
2,6383,1000.0,187,360,1,7383.0,187000,519.44,7.04,1,0,0,1,1,1,0,0
2,7583,0.0,187,360,1,7583.0,187000,519.44,6.85,0,0,1,1,1,0,1,1
2,6250,5654.0,188,180,1,11904.0,188000,1044.44,8.77,0,1,0,1,1,0,1,1
0,9328,0.0,188,180,1,9328.0,188000,1044.44,11.2,1,0,0,1,1,0,1,1
0,2479,3013.0,188,360,1,5492.0,188000,522.22,9.51,0,0,1,1,1,1,1,1
1,2769,1542.0,190,360,1,4311.0,190000,527.78,12.24,0,1,0,1,0,1,0,0
0,9560,0.0,191,360,1,9560.0,191000,530.56,5.55,0,1,0,1,1,1,1,1
0,16250,0.0,192,360,0,16250.0,192000,533.33,3.28,0,0,1,1,0,1,1,0
2,5780,0.0,192,360,1,5780.0,192000,533.33,9.23,0,0,1,1,1,0,1,1
0,4300,2014.0,194,360,1,6314.0,194000,538.89,8.53,1,0,0,1,1,0,0,1
0,7441,0.0,194,360,1,7441.0,194000,538.89,7.24,1,0,0,0,0,1,1,0
1,11250,0.0,196,360,1,11250.0,196000,544.44,4.84,0,1,0,1,0,0,1,0
2,3073,8106.0,200,360,1,11179.0,200000,555.56,4.97,0,0,1,1,1,0,1,1
2,8000,0.0,200,360,1,8000.0,200000,555.56,6.94,0,1,0,1,1,0,1,1
0,6400,0.0,200,360,1,6400.0,200000,555.56,8.68,1,0,0,1,0,1,1,1
1,6875,0.0,200,360,1,6875.0,200000,555.56,8.08,0,1,0,1,1,0,1,1
4,5167,3167.0,200,360,1,8334.0,200000,555.56,6.67,0,1,0,1,1,0,1,1
1,4166,3369.0,201,360,1,7535.0,201000,558.33,7.41,0,0,1,1,1,0,1,0
0,1668,3890.0,201,360,0,5558.0,201000,558.33,10.05,0,1,0,1,1,0,0,0
2,6540,0.0,205,360,1,6540.0,205000,569.44,8.71,0,1,0,1,1,0,1,1
2,6000,0.0,205,240,1,6000.0,205000,854.17,14.24,0,1,0,1,1,1,1,0
0,3993,3274.0,207,360,1,7267.0,207000,575.0,7.91,0,1,0,1,1,0,1,1
2,4865,5624.0,208,360,1,10489.0,208000,577.78,5.51,0,1,0,1,1,0,1,1
0,6283,4416.0,209,360,0,10699.0,209000,580.56,5.43,1,0,0,1,0,0,1,0
0,8566,0.0,210,360,1,8566.0,210000,583.33,6.81,0,0,1,1,0,0,1,1
2,6250,1695.0,210,360,1,7945.0,210000,583.33,7.34,0,1,0,1,1,0,1,1
0,5923,2054.0,211,360,1,7977.0,211000,586.11,7.35,1,0,0,1,1,0,1,1
0,10000,0.0,214,360,1,10000.0,214000,594.44,5.94,0,1,0,0,0,0,1,0
2,3800,3600.0,216,360,0,7400.0,216000,600.0,8.11,0,0,1,1,1,0,1,0
0,1025,5500.0,216,360,1,6525.0,216000,600.0,9.2,1,0,0,1,1,0,1,1
0,6096,0.0,218,360,0,6096.0,218000,605.56,9.93,1,0,0,1,1,0,0,0
2,11417,1126.0,225,360,1,12543.0,225000,625.0,4.98,0,0,1,1,1,0,1,1
0,10000,1666.0,225,360,1,11666.0,225000,625.0,5.36,1,0,0,0,0,0,1,0
0,17263,0.0,225,360,1,17263.0,225000,625.0,3.62,0,1,0,0,0,1,0,1
0,9083,0.0,228,360,1,9083.0,228000,633.33,6.97,0,1,0,1,1,0,1,1
2,6700,1750.0,230,300,1,8450.0,230000,766.67,9.07,0,1,0,1,1,0,1,1
0,10833,0.0,234,360,1,10833.0,234000,650.0,6.0,0,1,0,1,1,0,1,1
2,5000,3667.0,236,360,1,8667.0,236000,655.56,7.56,0,1,0,1,1,0,1,1
2,1600,20000.0,239,360,1,21600.0,239000,663.89,3.07,0,0,1,1,1,1,1,0
1,7787,0.0,240,360,1,7787.0,240000,666.67,8.56,0,0,1,1,1,1,1,1
0,14999,0.0,242,360,0,14999.0,242000,672.22,4.48,0,1,0,1,0,0,1,0
2,3510,4416.0,243,360,1,7926.0,243000,675.0,8.52,1,0,0,1,1,0,1,1
0,9166,0.0,244,360,1,9166.0,244000,677.78,7.39,0,0,1,1,0,0,1,0
2,8333,0.0,246,360,1,8333.0,246000,683.33,8.2,0,1,0,1,1,0,1,1
1,6065,2004.0,250,360,1,8069.0,250000,694.44,8.61,0,1,0,1,1,0,1,1
1,8072,240.0,253,360,1,8312.0,253000,702.78,8.46,0,0,1,1,1,0,1,1
0,4583,5625.0,255,360,1,10208.0,255000,708.33,6.94,0,1,0,1,1,0,1,1
0,5746,0.0,255,360,1,5746.0,255000,708.33,12.33,0,0,1,1,1,0,1,0
4,3083,0.0,255,360,1,3083.0,255000,708.33,22.98,1,0,0,0,0,0,1,1
0,5726,4595.0,258,360,1,10321.0,258000,716.67,6.94,0,1,0,1,1,0,1,0
2,8799,0.0,258,360,0,8799.0,258000,716.67,8.14,0,0,1,1,1,0,1,0
0,10408,0.0,259,360,1,10408.0,259000,719.44,6.91,0,0,1,0,0,0,1,1
0,6333,4583.0,259,360,1,10916.0,259000,719.44,6.59,0,1,0,1,1,0,1,1
1,33846,0.0,260,360,1,33846.0,260000,722.22,2.13,0,1,0,1,1,0,1,0
4,10139,0.0,260,360,1,10139.0,260000,722.22,7.12,0,1,0,1,1,1,1,1
0,16120,0.0,260,360,1,16120.0,260000,722.22,4.48,0,0,1,1,1,1,1,1
0,6000,2250.0,265,360,1,8250.0,265000,736.11,8.92,0,1,0,1,1,0,1,0
2,5417,4196.0,267,360,1,9613.0,267000,741.67,7.72,0,0,1,1,1,1,1,1
0,7933,0.0,275,360,1,7933.0,275000,763.89,9.63,0,0,1,1,1,0,1,0
4,9504,0.0,275,360,1,9504.0,275000,763.89,8.04,1,0,0,1,1,0,1,1
2,16666,0.0,275,360,1,16666.0,275000,763.89,4.58,0,0,1,1,1,0,1,1
1,2661,7101.0,279,180,1,9762.0,279000,1550.0,15.88,0,1,0,1,1,0,0,1
0,8333,0.0,280,360,1,8333.0,280000,777.78,9.33,0,1,0,0,0,0,1,1
1,11500,0.0,286,360,0,11500.0,286000,794.44,6.91,0,0,1,0,1,1,1,0
4,4000,7750.0,290,360,1,11750.0,290000,805.56,6.86,0,1,0,1,1,0,1,0
4,9357,0.0,292,360,1,9357.0,292000,811.11,8.67,0,1,0,0,0,1,1,1
0,5941,4232.0,296,360,1,10173.0,296000,822.22,8.08,0,1,0,1,0,0,1,1
4,15000,0.0,300,360,1,15000.0,300000,833.33,5.56,1,0,0,1,1,0,1,1
0,14683,2100.0,304,360,1,16783.0,304000,844.44,5.03,1,0,0,1,1,0,1,0
0,8750,4167.0,308,360,1,12917.0,308000,855.56,6.62,1,0,0,1,0,0,1,0
0,5815,3666.0,311,360,1,9481.0,311000,863.89,9.11,1,0,0,1,0,0,1,0
1,10750,0.0,312,360,1,10750.0,312000,866.67,8.06,0,0,1,1,1,0,1,1
1,5955,5625.0,315,360,1,11580.0,315000,875.0,7.56,0,0,1,1,1,0,1,1
4,12500,3000.0,320,360,1,15500.0,320000,888.89,5.73,1,0,0,1,0,0,1,0
0,6133,3906.0,324,360,1,10039.0,324000,900.0,8.97,0,0,1,1,1,0,1,1
1,6083,4250.0,330,360,1,10333.0,330000,916.67,8.87,0,0,1,1,1,0,1,1
1,12841,10968.0,349,360,1,23809.0,349000,969.44,4.07,0,1,0,1,1,0,1,0
4,416,41667.0,350,180,1,42083.0,350000,1944.44,4.62,0,0,1,0,0,0,1,0
4,81000,0.0,360,360,0,81000.0,360000,1000.0,1.23,1,0,0,1,1,0,1,0
4,23803,0.0,370,360,1,23803.0,370000,1027.78,4.32,1,0,0,0,1,0,1,1
1,8666,4983.0,376,360,0,13649.0,376000,1044.44,7.65,1,0,0,1,1,1,1,0
2,9323,7873.0,380,300,1,17196.0,380000,1266.67,7.37,1,0,0,1,1,1,1,1
2,17500,0.0,400,360,1,17500.0,400000,1111.11,6.35,1,0,0,1,1,1,1,1
0,12876,0.0,405,360,1,12876.0,405000,1125.0,8.74,0,1,0,1,0,0,1,1
0,14583,0.0,436,360,1,14583.0,436000,1211.11,8.3,0,1,0,1,1,0,1,1
0,20233,0.0,480,360,1,20233.0,480000,1333.33,6.59,1,0,0,1,0,0,1,0
0,20833,6667.0,480,360,1,27500.0,480000,1333.33,4.85,0,0,1,1,1,0,1,1
2,7948,7166.0,480,360,1,15114.0,480000,1333.33,8.82,1,0,0,1,1,1,1,1
0,63337,0.0,490,180,1,63337.0,490000,2722.22,4.3,0,0,1,1,1,0,1,1
4,5516,11300.0,495,360,0,16816.0,495000,1375.0,8.18,0,1,0,1,1,0,1,0
1,12000,0.0,496,360,1,12000.0,496000,1377.78,11.48,0,1,0,0,1,0,1,1
1,18333,0.0,500,360,1,18333.0,500000,1388.89,7.58,0,0,1,1,1,0,1,0
0,19730,5266.0,570,360,1,24996.0,570000,1583.33,6.33,1,0,0,1,1,0,1,0
4,39999,0.0,600,180,0,39999.0,600000,3333.33,8.33,0,1,0,1,1,0,1,1
1,19484,0.0,600,360,1,19484.0,600000,1666.67,8.55,0,1,0,0,1,1,1,1
0,20166,0.0,650,480,1,20166.0,650000,1354.17,6.72,0,0,1,1,0,1,1,1
4,51763,0.0,700,300,1,51763.0,700000,2333.33,4.51,0,0,1,0,1,0,1,1
0,5849,0.0,25,360,1,5849.0,25000,69.44,1.19,0,0,1,1,0,0,1,1
0,2275,2067.0,30,360,1,4342.0,30000,83.33,1.92,0,0,1,1,1,0,1,1
1,4945,0.0,35,360,0,4945.0,35000,97.22,1.97,1,0,0,1,1,0,1,0
1,2395,0.0,17,360,1,2395.0,17000,47.22,1.97,0,1,0,1,1,1,1,1
0,6782,0.0,9,360,1,6782.0,9000,25.0,0.37,0,0,1,1,0,0,1,0
2,13650,0.0,30,360,1,13650.0,30000,83.33,0.61,0,0,1,1,1,0,1,1
0,4652,3583.0,25,360,1,8235.0,25000,69.44,0.84,0,1,0,1,1,0,1,1
1,7451,0.0,30,360,1,7451.0,30000,83.33,1.12,0,1,0,0,0,1,1,1
0,3865,1640.0,22,360,1,5505.0,22000,61.11,1.11,1,0,0,1,0,0,1,1
4,3992,0.0,18,180,1,3992.0,18000,100.0,2.51,0,0,1,1,1,0,0,0
0,20667,0.0,25,360,1,20667.0,25000,69.44,0.34,1,0,0,1,1,0,1,0
0,2000,0.0,30,360,1,2000.0,30000,83.33,4.17,0,0,1,1,0,0,0,0
2,3601,1590.0,15,360,1,5191.0,15000,41.67,0.8,1,0,0,1,1,0,0,1
4,1830,0.0,35,360,0,1830.0,35000,97.22,5.31,0,0,1,0,0,0,0,0
0,3010,3136.0,25,360,0,6146.0,25000,69.44,1.13,0,0,1,1,1,0,0,0
0,10047,0.0,30,240,1,10047.0,30000,125.0,1.24,0,1,0,0,0,0,1,1
0,2213,1125.0,20,360,1,3338.0,20000,55.56,1.66,0,0,1,1,1,0,1,1
2,2947,1603.0,10,360,1,4550.0,10000,27.78,0.61,0,0,1,1,1,0,1,0
0,4680,2087.0,15,360,1,6767.0,15000,41.67,0.62,0,1,0,1,0,0,1,0
2,6633,0.0,25,360,0,6633.0,25000,69.44,1.05,1,0,0,1,1,1,1,0
1,2492,2375.0,30,360,1,4867.0,30000,83.33,1.71,1,0,0,1,1,0,0,1
0,2400,3800.0,25,180,1,6200.0,25000,138.89,2.24,0,0,1,1,1,0,0,0
